Workbook

Sheet READ_ME
A1: FIDV · 后三类试拉表 · Communications Equipment L5–L7（带到彭博机刷新，不要在开发机开 BQL）
A3: 试拉范围：Technology / Technology Hardware / Communications Equipment。bicsCode 19101010。
A4: 从 BICS_Technology.xlsx 筛 Level4=Communications Equipment，577 家，一 ticker 一行，A–F 锁值。N 列锁原表 Level4 作核对。
A5: 后三类与前四类一样是证券 BICS 属性：一企一行更深 get()/_xll.BQL。不要用 segments()（那是产品/地区财务段）。
A6: G / I / K 写法与 FOMULAR EXAMPLE 同一外壳，字段名来自 CONFIG!B12–B14（须上机 FLDS 补全；BQLX.pdf 无 L5–L7 字段名）。
A7: G =_xll.BQL("['"&C行&"']", CONFIG!$B$12) → Level5 英文短名
A8: I =_xll.BQL("['"&C行&"']", CONFIG!$B$13) → Level6
A9: K =_xll.BQL("['"&C行&"']", CONFIG!$B$14) → Level7
A10: 2024 库本 L4 下应能见到的短名（抽查，不是公式）：
A11: L5: Broadcasting Equipment · Data Networking Equipment · Mobile Phones · Telecommunications Equipment
A12: L6: Home & Sm Business Netw Equip · Wireless/Wireline Data Network Equip · Wireless/Wireline Telecom Equipment
A13: L7: 仅 Telecommunications Equipment 两条 L6 之下（Mobile Radio、RFID、Satellite、Fiber Optic 等）。Broadcasting / Mobile Phones 为 L5 浅叶，L6/L7 预期 #N/A。
... A24: 禁止：债券 BCLASS；把 segments() 当 BICS；在开发机编造 bics_level_5_* 当真源。

Sheet CONFIG
A1: FIDV · L5–L7 字段名（先填本表，再刷新 CommsEq）
A3: 本 PDF（BQLX）只证实证券上 get() 用 bics_level_1_sector_name 一类「一票一值」分类字段。
A4: L2–L4 的真源是 FOMULAR EXAMPLE 的 _xll.BQL，不是本 PDF 字段表：
A5: bics_level_2_industry_group_name()
A6: bics_level_3_industry_name()
A7: bics_level_4_sub_industry_name()
A8: L5/L6/L7 的 mnemonic 未出现在 BQLX.pdf。不要猜、不要用债券 classification_name(BCLASS)、不要用 segments()。
A9: 上机：FLDS 或 BQL Builder，从已证实的 L1/L4 名往下自动完成，把完整字段名（含括号）粘到 B12–B14。
A10: CommsEq!G/I/K 引用这些单元格。空着刷新会失败，属预期。
A11: 浅叶（如 Mobile Phones 止于 L5）L6/L7 的 #N/A 是分类无该级，保留。Compute Capacity / Timed Out 则减批（M 列）。
A12: Level5 mnemonic | C12: 例：上机确认后再贴，不要把 bics_level_5_* 当已经证实。
A13: Level6 mnemonic
A14: Level7 mnemonic

Sheet TREE
A1: BICS 2024 子树（Communications Equipment 19101010）· 对照用 · 不是彭博返回值
A3: level | B3: bicsCode | C3: name | D3: isLeaf
A4: 4 | B4: 19101010 | C4: Communications Equipment | D4: FALSE
A5: 5 | B5: 1910101010 | C5: Broadcasting Equipment | D5: TRUE
A6: 5 | B6: 1910101011 | C6: Data Networking Equipment | D6: FALSE
A7: 6 | B7: 191010101110 | C7: Home & Sm Business Netw Equip | D7: TRUE
A8: 6 | B8: 191010101111 | C8: Wireless Data Network Equip | D8: TRUE
A9: 6 | B9: 191010101112 | C9: Wireline Data Network Equip | D9: TRUE
A10: 5 | B10: 1910101012 | C10: Mobile Phones | D10: TRUE
A11: 5 | B11: 1910101013 | C11: Telecommunications Equipment | D11: FALSE
A12: 6 | B12: 191010101310 | C12: Wireless Telecom Equipment | D12: FALSE
A13: 7 | B13: 19101010131010 | C13: Mobile Radio Comm Equipment | D13: TRUE
A14: 7 | B14: 19101010131011 | C14: RFID Devices | D14: TRUE
A15: 7 | B15: 19101010131012 | C15: Satellite Communications Equip | D15: TRUE
... A23: 7 | B23: 19101010131114 | C23: Wireline Network Infra Equip | D23: TRUE

Sheet CommsEq
A1: Primary Classification_Technology | B1: Member Companies | C1: Member Ticker | D1: Mkt Cap | E1: Ind Rev | F1: % Tot Rev | G1: Level5 | H1: %Tot Rev l5 | I1: Level6 | J1: %Tot Rev l6 | K1: Level7 | L1: %Tot Rev l7 | M1: BQL batch | N1: Level4_lock
B2: APPLE INC | C2: AAPL US Equity | D2: 4902480000000 | E2: 307003000000 | F2: 73.770248 | G2: {=_xll.BQL("['"&C2&"']", CONFIG!$B$12)} | I2: {=_xll.BQL("['"&C2&"']", CONFIG!$B$13)} | K2: {=_xll.BQL("['"&C2&"']", CONFIG!$B$14)} | M2: BATCH 01 rows 2-501 | N2: Communications Equipment
B3: SAMSUNG ELECTRON | C3: 005930 KS Equity | D3: 1220790000000 | E3: 2.3424028e+11 | F3: 100 | G3: {=_xll.BQL("['"&C3&"']", CONFIG!$B$12)} | I3: {=_xll.BQL("['"&C3&"']", CONFIG!$B$13)} | K3: {=_xll.BQL("['"&C3&"']", CONFIG!$B$14)} | M3: 1 | N3: Communications Equipment
B4: SHENZHEN HUAWEI | C4: KMCACZ CH Equity | E4: 1.2259461e+11 | F4: 100 | G4: {=_xll.BQL("['"&C4&"']", CONFIG!$B$12)} | I4: {=_xll.BQL("['"&C4&"']", CONFIG!$B$13)} | K4: {=_xll.BQL("['"&C4&"']", CONFIG!$B$14)} | M4: 1 | N4: Communications Equipment
B5: CISCO SYSTEMS | C5: CSCO US Equity | D5: 421739000000 | E5: 63325000000 | F5: 100 | G5: {=_xll.BQL("['"&C5&"']", CONFIG!$B$12)} | I5: {=_xll.BQL("['"&C5&"']", CONFIG!$B$13)} | K5: {=_xll.BQL("['"&C5&"']", CONFIG!$B$14)} | M5: 1 | N5: Communications Equipment
B6: XIAOMI CORP-W | C6: 1810 HK Equity | D6: 85073200000 | E6: 3.3526225e+10 | F6: 88.75477 | G6: {=_xll.BQL("['"&C6&"']", CONFIG!$B$12)} | I6: {=_xll.BQL("['"&C6&"']", CONFIG!$B$13)} | K6: {=_xll.BQL("['"&C6&"']", CONFIG!$B$14)} | M6: 1 | N6: Communications Equipment
B7: ERICSSON LM-B | C7: ERICB SS Equity | D7: 32414400000 | E7: 2.411284e+10 | F7: 100 | G7: {=_xll.BQL("['"&C7&"']", CONFIG!$B$12)} | I7: {=_xll.BQL("['"&C7&"']", CONFIG!$B$13)} | K7: {=_xll.BQL("['"&C7&"']", CONFIG!$B$14)} | M7: 1 | N7: Communications Equipment
B8: NOKIA OYJ | C8: NOKIA FH Equity | D8: 61222200000 | E8: 2.2442323e+10 | F8: 100 | G8: {=_xll.BQL("['"&C8&"']", CONFIG!$B$12)} | I8: {=_xll.BQL("['"&C8&"']", CONFIG!$B$13)} | K8: {=_xll.BQL("['"&C8&"']", CONFIG!$B$14)} | M8: 1 | N8: Communications Equipment
B9: ZTE CORP-A | C9: 000063 CH Equity | D9: 21339300000 | E9: 1.8633327e+10 | F9: 100 | G9: {=_xll.BQL("['"&C9&"']", CONFIG!$B$12)} | I9: {=_xll.BQL("['"&C9&"']", CONFIG!$B$13)} | K9: {=_xll.BQL("['"&C9&"']", CONFIG!$B$14)} | M9: 1 | N9: Communications Equipment
B10: MOTOROLA SOLUTIO | C10: MSI US Equity | D10: 75284800000 | E10: 11682000000 | F10: 100 | G10: {=_xll.BQL("['"&C10&"']", CONFIG!$B$12)} | I10: {=_xll.BQL("['"&C10&"']", CONFIG!$B$13)} | K10: {=_xll.BQL("['"&C10&"']", CONFIG!$B$14)} | M10: 1 | N10: Communications Equipment
B11: CORNING INC | C11: GLW US Equity | D11: 132783000000 | E11: 11431000000 | F11: 73.139676 | G11: {=_xll.BQL("['"&C11&"']", CONFIG!$B$12)} | I11: {=_xll.BQL("['"&C11&"']", CONFIG!$B$13)} | K11: {=_xll.BQL("['"&C11&"']", CONFIG!$B$14)} | M11: 1 | N11: Communications Equipment
B12: SHENZHEN TRANS-A | C12: 688036 CH Equity | D12: 9417710000 | E12: 9.1278894e+09 | F12: 100 | G12: {=_xll.BQL("['"&C12&"']", CONFIG!$B$12)} | I12: {=_xll.BQL("['"&C12&"']", CONFIG!$B$13)} | K12: {=_xll.BQL("['"&C12&"']", CONFIG!$B$14)} | M12: 1 | N12: Communications Equipment
B13: ARISTA NETWORKS | C13: ANET US Equity | D13: 259434000000 | E13: 9005700000 | F13: 100 | G13: {=_xll.BQL("['"&C13&"']", CONFIG!$B$12)} | I13: {=_xll.BQL("['"&C13&"']", CONFIG!$B$13)} | K13: {=_xll.BQL("['"&C13&"']", CONFIG!$B$14)} | M13: 1 | N13: Communications Equipment
B14: ACCTON TECH | C14: 2345 TT Equity | D14: 33405200000 | E14: 7.974247e+09 | F14: 100 | G14: {=_xll.BQL("['"&C14&"']", CONFIG!$B$12)} | I14: {=_xll.BQL("['"&C14&"']", CONFIG!$B$13)} | K14: {=_xll.BQL("['"&C14&"']", CONFIG!$B$14)} | M14: 1 | N14: Communications Equipment
B15: SHENZHEN AISI-A | C15: 002416 CH Equity | D15: 1672510000 | E15: 6.6881579e+09 | F15: 87.029852 | G15: {=_xll.BQL("['"&C15&"']", CONFIG!$B$12)} | I15: {=_xll.BQL("['"&C15&"']", CONFIG!$B$13)} | K15: {=_xll.BQL("['"&C15&"']", CONFIG!$B$14)} | M15: 1 | N15: Communications Equipment
B16: FUJIKURA LTD | C16: 5803 JP Equity | D16: 55752800000 | E16: 6.5175222e+09 | F16: 83.076712 | G16: {=_xll.BQL("['"&C16&"']", CONFIG!$B$12)} | I16: {=_xll.BQL("['"&C16&"']", CONFIG!$B$13)} | K16: {=_xll.BQL("['"&C16&"']", CONFIG!$B$14)} | M16: 1 | N16: Communications Equipment
... B19: EOPTOLINK TECH-A | C19: 300502 CH Equity | D19: 90375600000 | E19: 3.4570732e+09 | F19: 100 | G19: {=_xll.BQL("['"&C19&"']", CONFIG!$B$12)} | I19: {=_xll.BQL("['"&C19&"']", CONFIG!$B$13)} | K19: {=_xll.BQL("['"&C19&"']", CONFIG!$B$14)} | M19: 1 | N19: Communications Equipment
B20: SHAANXI ELECTRON | C20: SAXIEZ CH Equity | E20: 3.3334605e+09 | F20: 100 | G20: {=_xll.BQL("['"&C20&"']", CONFIG!$B$12)} | I20: {=_xll.BQL("['"&C20&"']", CONFIG!$B$13)} | K20: {=_xll.BQL("['"&C20&"']", CONFIG!$B$14)} | M20: 1 | N20: Communications Equipment
B21: UBIQUITI INC | C21: UI US Equity | D21: 34084100000 | E21: 3274162000 | F21: 100 | G21: {=_xll.BQL("['"&C21&"']", CONFIG!$B$12)} | I21: {=_xll.BQL("['"&C21&"']", CONFIG!$B$13)} | K21: {=_xll.BQL("['"&C21&"']", CONFIG!$B$14)} | M21: 1 | N21: Communications Equipment
B22: F5 INC | C22: FFIV US Equity | D22: 25286900000 | E22: 3088432000 | F22: 100 | G22: {=_xll.BQL("['"&C22&"']", CONFIG!$B$12)} | I22: {=_xll.BQL("['"&C22&"']", CONFIG!$B$13)} | K22: {=_xll.BQL("['"&C22&"']", CONFIG!$B$14)} | M22: 1 | N22: Communications Equipment
B23: FIBERHOME TELE-A | C23: 600498 CH Equity | D23: 8311000000 | E23: 2.8200676e+09 | F23: 81.322763 | G23: {=_xll.BQL("['"&C23&"']", CONFIG!$B$12)} | I23: {=_xll.BQL("['"&C23&"']", CONFIG!$B$13)} | K23: {=_xll.BQL("['"&C23&"']", CONFIG!$B$14)} | M23: 1 | N23: Communications Equipment
B24: OKI ELECTRIC IND | C24: 6703 JP Equity | D24: 1524540000 | E24: 2.7975727e+09 | F24: 100 | G24: {=_xll.BQL("['"&C24&"']", CONFIG!$B$12)} | I24: {=_xll.BQL("['"&C24&"']", CONFIG!$B$13)} | K24: {=_xll.BQL("['"&C24&"']", CONFIG!$B$14)} | M24: 1 | N24: Communications Equipment
B25: VANTIVA SA | C25: VANTI FP Equity | D25: 43301100 | E25: 1.957881e+09 | F25: 100 | G25: {=_xll.BQL("['"&C25&"']", CONFIG!$B$12)} | I25: {=_xll.BQL("['"&C25&"']", CONFIG!$B$13)} | K25: {=_xll.BQL("['"&C25&"']", CONFIG!$B$14)} | M25: 1 | N25: Communications Equipment
B26: VISTANCE NETWORK | C26: VISN US Equity | D26: 1464480000 | E26: 1931600000 | F26: 100 | G26: {=_xll.BQL("['"&C26&"']", CONFIG!$B$12)} | I26: {=_xll.BQL("['"&C26&"']", CONFIG!$B$13)} | K26: {=_xll.BQL("['"&C26&"']", CONFIG!$B$14)} | M26: 1 | N26: Communications Equipment
B27: ACCELINK TECH-A | C27: 002281 CH Equity | D27: 22442300000 | E27: 1.6600362e+09 | F27: 100 | G27: {=_xll.BQL("['"&C27&"']", CONFIG!$B$12)} | I27: {=_xll.BQL("['"&C27&"']", CONFIG!$B$13)} | K27: {=_xll.BQL("['"&C27&"']", CONFIG!$B$14)} | M27: 1 | N27: Communications Equipment
B28: YOFC-H | C28: 6869 HK Equity | D28: 36536700000 | E28: 1.5990156e+09 | F28: 100 | G28: {=_xll.BQL("['"&C28&"']", CONFIG!$B$12)} | I28: {=_xll.BQL("['"&C28&"']", CONFIG!$B$13)} | K28: {=_xll.BQL("['"&C28&"']", CONFIG!$B$14)} | M28: 1 | N28: Communications Equipment
B29: VIAVI SOLUTIONS | C29: VIAV US Equity | D29: 9186500000 | E29: 1518300000 | F29: 100 | G29: {=_xll.BQL("['"&C29&"']", CONFIG!$B$12)} | I29: {=_xll.BQL("['"&C29&"']", CONFIG!$B$13)} | K29: {=_xll.BQL("['"&C29&"']", CONFIG!$B$14)} | M29: 1 | N29: Communications Equipment
B30: MERRY ELEC | C30: 2439 TT Equity | D30: 610845000 | E30: 1.4929584e+09 | F30: 100 | G30: {=_xll.BQL("['"&C30&"']", CONFIG!$B$12)} | I30: {=_xll.BQL("['"&C30&"']", CONFIG!$B$13)} | K30: {=_xll.BQL("['"&C30&"']", CONFIG!$B$14)} | M30: 1 | N30: Communications Equipment
B31: GN STORE NORD | C31: GN DC Equity | D31: 2321010000 | E31: 1.4458528e+09 | F31: 57.013467 | G31: {=_xll.BQL("['"&C31&"']", CONFIG!$B$12)} | I31: {=_xll.BQL("['"&C31&"']", CONFIG!$B$13)} | K31: {=_xll.BQL("['"&C31&"']", CONFIG!$B$14)} | M31: 1 | N31: Communications Equipment
B32: EXTREME NETWORKS | C32: EXTR US Equity | D32: 2860170000 | E32: 1283593000 | F32: 100 | G32: {=_xll.BQL("['"&C32&"']", CONFIG!$B$12)} | I32: {=_xll.BQL("['"&C32&"']", CONFIG!$B$13)} | K32: {=_xll.BQL("['"&C32&"']", CONFIG!$B$14)} | M32: 1 | N32: Communications Equipment
... B69: KAON GROUP CO LT | C69: 078890 KS Equity | D69: 59833500 | E69: 3.6394794e+08 | F69: 100 | G69: {=_xll.BQL("['"&C69&"']", CONFIG!$B$12)} | I69: {=_xll.BQL("['"&C69&"']", CONFIG!$B$13)} | K69: {=_xll.BQL("['"&C69&"']", CONFIG!$B$14)} | M69: 1 | N69: Communications Equipment
B70: FS COM LTD/CHI-A | C70: 2099320D CH Equity | E70: 3.6273777e+08 | F70: 100 | G70: {=_xll.BQL("['"&C70&"']", CONFIG!$B$12)} | I70: {=_xll.BQL("['"&C70&"']", CONFIG!$B$13)} | K70: {=_xll.BQL("['"&C70&"']", CONFIG!$B$14)} | M70: 1 | N70: Communications Equipment
B71: HARMONIC INC | C71: HLIT US Equity | D71: 1193730000 | E71: 360523000 | F71: 100 | G71: {=_xll.BQL("['"&C71&"']", CONFIG!$B$12)} | I71: {=_xll.BQL("['"&C71&"']", CONFIG!$B$13)} | K71: {=_xll.BQL("['"&C71&"']", CONFIG!$B$14)} | M71: 1 | N71: Communications Equipment
B72: ASCOM HOLDIN-REG | C72: ASCN SW Equity | D72: 257619000 | E72: 3.5157623e+08 | F72: 100 | G72: {=_xll.BQL("['"&C72&"']", CONFIG!$B$12)} | I72: {=_xll.BQL("['"&C72&"']", CONFIG!$B$13)} | K72: {=_xll.BQL("['"&C72&"']", CONFIG!$B$14)} | M72: 1 | N72: Communications Equipment
B73: SHENZHEN NEOWA-A | C73: 688159 CH Equity | D73: 506275000 | E73: 3.3285595e+08 | F73: 99.470723 | G73: {=_xll.BQL("['"&C73&"']", CONFIG!$B$12)} | I73: {=_xll.BQL("['"&C73&"']", CONFIG!$B$13)} | K73: {=_xll.BQL("['"&C73&"']", CONFIG!$B$14)} | M73: 1 | N73: Communications Equipment
B74: HFCL LTD | C74: HMFC IN Equity | D74: 3370490000 | E74: 3.3172088e+08 | F74: 60.028222 | G74: {=_xll.BQL("['"&C74&"']", CONFIG!$B$12)} | I74: {=_xll.BQL("['"&C74&"']", CONFIG!$B$13)} | K74: {=_xll.BQL("['"&C74&"']", CONFIG!$B$14)} | M74: 1 | N74: Communications Equipment
B75: SPIGEN KOREA CO | C75: 192440 KS Equity | D75: 136172000 | E75: 3.260787e+08 | F75: 100 | G75: {=_xll.BQL("['"&C75&"']", CONFIG!$B$12)} | I75: {=_xll.BQL("['"&C75&"']", CONFIG!$B$13)} | K75: {=_xll.BQL("['"&C75&"']", CONFIG!$B$14)} | M75: 1 | N75: Communications Equipment
B76: VANCHIP TIANJ-A | C76: 688153 CH Equity | D76: 1698630000 | E76: 3.2299264e+08 | F76: 100 | G76: {=_xll.BQL("['"&C76&"']", CONFIG!$B$12)} | I76: {=_xll.BQL("['"&C76&"']", CONFIG!$B$13)} | K76: {=_xll.BQL("['"&C76&"']", CONFIG!$B$14)} | M76: 1 | N76: Communications Equipment
B77: ALLIED TELESIS | C77: 6835 JP Equity | D77: 176897000 | E77: 3.1981735e+08 | F77: 100 | G77: {=_xll.BQL("['"&C77&"']", CONFIG!$B$12)} | I77: {=_xll.BQL("['"&C77&"']", CONFIG!$B$13)} | K77: {=_xll.BQL("['"&C77&"']", CONFIG!$B$14)} | M77: 1 | N77: Communications Equipment
B78: NEDAP N.V. | C78: NEDAP NA Equity | D78: 706116000 | E78: 3.1557635e+08 | F78: 100 | G78: {=_xll.BQL("['"&C78&"']", CONFIG!$B$12)} | I78: {=_xll.BQL("['"&C78&"']", CONFIG!$B$13)} | K78: {=_xll.BQL("['"&C78&"']", CONFIG!$B$14)} | M78: 1 | N78: Communications Equipment
B79: HENGDONGGUANG-A | C79: 920045 CH Equity | D79: 7702700000 | E79: 3.0835368e+08 | F79: 100 | G79: {=_xll.BQL("['"&C79&"']", CONFIG!$B$12)} | I79: {=_xll.BQL("['"&C79&"']", CONFIG!$B$13)} | K79: {=_xll.BQL("['"&C79&"']", CONFIG!$B$14)} | M79: 1 | N79: Communications Equipment
B80: PETROLEUM GENERA | C80: PSD VN Equity | D80: 31614900 | E80: 3.006876e+08 | F80: 100 | G80: {=_xll.BQL("['"&C80&"']", CONFIG!$B$12)} | I80: {=_xll.BQL("['"&C80&"']", CONFIG!$B$13)} | K80: {=_xll.BQL("['"&C80&"']", CONFIG!$B$14)} | M80: 1 | N80: Communications Equipment
B81: CALAMP CORP | C81: CAMPQ US Equity | E81: 294949000 | F81: 100 | G81: {=_xll.BQL("['"&C81&"']", CONFIG!$B$12)} | I81: {=_xll.BQL("['"&C81&"']", CONFIG!$B$13)} | K81: {=_xll.BQL("['"&C81&"']", CONFIG!$B$14)} | M81: 1 | N81: Communications Equipment
B82: SAXA INC | C82: 6675 JP Equity | D82: 259624000 | E82: 2.9259379e+08 | F82: 100 | G82: {=_xll.BQL("['"&C82&"']", CONFIG!$B$12)} | I82: {=_xll.BQL("['"&C82&"']", CONFIG!$B$13)} | K82: {=_xll.BQL("['"&C82&"']", CONFIG!$B$14)} | M82: 1 | N82: Communications Equipment
B83: A10 NETWORKS INC | C83: ATEN US Equity | D83: 1887110000 | E83: 290557000 | F83: 100 | G83: {=_xll.BQL("['"&C83&"']", CONFIG!$B$12)} | I83: {=_xll.BQL("['"&C83&"']", CONFIG!$B$13)} | K83: {=_xll.BQL("['"&C83&"']", CONFIG!$B$14)} | M83: 1 | N83: Communications Equipment
B84: CASA SYSTEMS INC | C84: CASSQ US Equity | E84: 286537000 | F84: 100 | G84: {=_xll.BQL("['"&C84&"']", CONFIG!$B$12)} | I84: {=_xll.BQL("['"&C84&"']", CONFIG!$B$13)} | K84: {=_xll.BQL("['"&C84&"']", CONFIG!$B$14)} | M84: 1 | N84: Communications Equipment
B85: GILAT SATEL NETW | C85: GILT IT Equity | D85: 742407000 | E85: 281352000 | F85: 62.293289 | G85: {=_xll.BQL("['"&C85&"']", CONFIG!$B$12)} | I85: {=_xll.BQL("['"&C85&"']", CONFIG!$B$13)} | K85: {=_xll.BQL("['"&C85&"']", CONFIG!$B$14)} | M85: 1 | N85: Communications Equipment
B86: HUMAX HOLDINGS | C86: 028080 KS Equity | D86: 9248540 | E86: 2.8118471e+08 | F86: 99.78255 | G86: {=_xll.BQL("['"&C86&"']", CONFIG!$B$12)} | I86: {=_xll.BQL("['"&C86&"']", CONFIG!$B$13)} | K86: {=_xll.BQL("['"&C86&"']", CONFIG!$B$14)} | M86: 1 | N86: Communications Equipment
B87: SOLID INC | C87: 050890 KS Equity | D87: 423488000 | E87: 2.7925926e+08 | F87: 90.038246 | G87: {=_xll.BQL("['"&C87&"']", CONFIG!$B$12)} | I87: {=_xll.BQL("['"&C87&"']", CONFIG!$B$13)} | K87: {=_xll.BQL("['"&C87&"']", CONFIG!$B$14)} | M87: 1 | N87: Communications Equipment
B88: TIANJIN712 COM-A | C88: 603712 CH Equity | D88: 1312120000 | E88: 2.7879456e+08 | F88: 95.956798 | G88: {=_xll.BQL("['"&C88&"']", CONFIG!$B$12)} | I88: {=_xll.BQL("['"&C88&"']", CONFIG!$B$13)} | K88: {=_xll.BQL("['"&C88&"']", CONFIG!$B$14)} | M88: 1 | N88: Communications Equipment
B89: NETRONIX INC | C89: 6143 TT Equity | D89: 220346000 | E89: 2.7371334e+08 | F89: 100 | G89: {=_xll.BQL("['"&C89&"']", CONFIG!$B$12)} | I89: {=_xll.BQL("['"&C89&"']", CONFIG!$B$13)} | K89: {=_xll.BQL("['"&C89&"']", CONFIG!$B$14)} | M89: 1 | N89: Communications Equipment
B90: SS RETAIL LTD | C90: SSRETAIL IN Equity | D90: 564452000 | E90: 2.66081e+08 | F90: 100 | G90: {=_xll.BQL("['"&C90&"']", CONFIG!$B$12)} | I90: {=_xll.BQL("['"&C90&"']", CONFIG!$B$13)} | K90: {=_xll.BQL("['"&C90&"']", CONFIG!$B$14)} | M90: 1 | N90: Communications Equipment
B91: TRANSTEMA GROUP | C91: TRANS SS Equity | D91: 25885400 | E91: 2.6491166e+08 | F91: 100 | G91: {=_xll.BQL("['"&C91&"']", CONFIG!$B$12)} | I91: {=_xll.BQL("['"&C91&"']", CONFIG!$B$13)} | K91: {=_xll.BQL("['"&C91&"']", CONFIG!$B$14)} | M91: 1 | N91: Communications Equipment
B92: GIGASET AG | C92: GGS GR Equity | D92: 1658230 | E92: 2.5366638e+08 | F92: 100 | G92: {=_xll.BQL("['"&C92&"']", CONFIG!$B$12)} | I92: {=_xll.BQL("['"&C92&"']", CONFIG!$B$13)} | K92: {=_xll.BQL("['"&C92&"']", CONFIG!$B$14)} | M92: 1 | N92: Communications Equipment
B93: CASTLENET TECH | C93: 8059 TT Equity | D93: 64762600 | E93: 2.4566038e+08 | F93: 100 | G93: {=_xll.BQL("['"&C93&"']", CONFIG!$B$12)} | I93: {=_xll.BQL("['"&C93&"']", CONFIG!$B$13)} | K93: {=_xll.BQL("['"&C93&"']", CONFIG!$B$14)} | M93: 1 | N93: Communications Equipment
B94: AUDIOCODES LTD | C94: AUDC US Equity | D94: 254329000 | E94: 245604000 | F94: 100 | G94: {=_xll.BQL("['"&C94&"']", CONFIG!$B$12)} | I94: {=_xll.BQL("['"&C94&"']", CONFIG!$B$13)} | K94: {=_xll.BQL("['"&C94&"']", CONFIG!$B$14)} | M94: 1 | N94: Communications Equipment
B95: DZS INC | C95: DZSIQ US Equity | D95: 3878.94 | E95: 244541000 | F95: 100 | G95: {=_xll.BQL("['"&C95&"']", CONFIG!$B$12)} | I95: {=_xll.BQL("['"&C95&"']", CONFIG!$B$13)} | K95: {=_xll.BQL("['"&C95&"']", CONFIG!$B$14)} | M95: 1 | N95: Communications Equipment
B96: SHENZHEN PHOEN-A | C96: 301191 CH Equity | D96: 1222970000 | E96: 2.4371004e+08 | F96: 100 | G96: {=_xll.BQL("['"&C96&"']", CONFIG!$B$12)} | I96: {=_xll.BQL("['"&C96&"']", CONFIG!$B$13)} | K96: {=_xll.BQL("['"&C96&"']", CONFIG!$B$14)} | M96: 1 | N96: Communications Equipment
... B181: AEWIN TECH | C181: 3564 TT Equity | D181: 91849000 | E181: 80185594 | F181: 100 | G181: {=_xll.BQL("['"&C181&"']", CONFIG!$B$12)} | I181: {=_xll.BQL("['"&C181&"']", CONFIG!$B$13)} | K181: {=_xll.BQL("['"&C181&"']", CONFIG!$B$14)} | M181: 1 | N181: Communications Equipment
B182: AIRSPAN NETWORKS | C182: MIMOQ US Equity | E182: 77568000 | F182: 100 | G182: {=_xll.BQL("['"&C182&"']", CONFIG!$B$12)} | I182: {=_xll.BQL("['"&C182&"']", CONFIG!$B$13)} | K182: {=_xll.BQL("['"&C182&"']", CONFIG!$B$14)} | M182: 1 | N182: Communications Equipment
B183: SMARTOPTICS GROU | C183: SMOP NO Equity | D183: 517782000 | E183: 75269000 | F183: 100 | G183: {=_xll.BQL("['"&C183&"']", CONFIG!$B$12)} | I183: {=_xll.BQL("['"&C183&"']", CONFIG!$B$13)} | K183: {=_xll.BQL("['"&C183&"']", CONFIG!$B$14)} | M183: 1 | N183: Communications Equipment
B184: AMPAK TECH | C184: 6546 TT Equity | D184: 123487000 | E184: 75128980 | F184: 100 | G184: {=_xll.BQL("['"&C184&"']", CONFIG!$B$12)} | I184: {=_xll.BQL("['"&C184&"']", CONFIG!$B$13)} | K184: {=_xll.BQL("['"&C184&"']", CONFIG!$B$14)} | M184: 1 | N184: Communications Equipment
B185: FILTRONIC PLC | C185: FTC LN Equity | D185: 705743000 | E185: 74631432 | F185: 100 | G185: {=_xll.BQL("['"&C185&"']", CONFIG!$B$12)} | I185: {=_xll.BQL("['"&C185&"']", CONFIG!$B$13)} | K185: {=_xll.BQL("['"&C185&"']", CONFIG!$B$14)} | M185: 1 | N185: Communications Equipment
B186: HPT VIETNAM CORP | C186: HPT VN Equity | D186: 11827800 | E186: 73773502 | F186: 100 | G186: {=_xll.BQL("['"&C186&"']", CONFIG!$B$12)} | I186: {=_xll.BQL("['"&C186&"']", CONFIG!$B$13)} | K186: {=_xll.BQL("['"&C186&"']", CONFIG!$B$14)} | M186: 1 | N186: Communications Equipment
B187: OPTICAL CABLE | C187: OCC US Equity | D187: 126264000 | E187: 73038000 | F187: 100 | G187: {=_xll.BQL("['"&C187&"']", CONFIG!$B$12)} | I187: {=_xll.BQL("['"&C187&"']", CONFIG!$B$13)} | K187: {=_xll.BQL("['"&C187&"']", CONFIG!$B$14)} | M187: 1 | N187: Communications Equipment
B188: CHENGDU M&S EL-A | C188: 688311 CH Equity | D188: 640361000 | E188: 72676192 | F188: 100 | G188: {=_xll.BQL("['"&C188&"']", CONFIG!$B$12)} | I188: {=_xll.BQL("['"&C188&"']", CONFIG!$B$13)} | K188: {=_xll.BQL("['"&C188&"']", CONFIG!$B$14)} | M188: 1 | N188: Communications Equipment
B189: COPARTNER TECH | C189: 3550 TT Equity | D189: 80584200 | E189: 72531021 | F189: 79.787925 | G189: {=_xll.BQL("['"&C189&"']", CONFIG!$B$12)} | I189: {=_xll.BQL("['"&C189&"']", CONFIG!$B$13)} | K189: {=_xll.BQL("['"&C189&"']", CONFIG!$B$14)} | M189: 1 | N189: Communications Equipment
B190: LIGHTPATH TECH-A | C190: LPTH US Equity | D190: 704565000 | E190: 71722099 | F190: 100 | G190: {=_xll.BQL("['"&C190&"']", CONFIG!$B$12)} | I190: {=_xll.BQL("['"&C190&"']", CONFIG!$B$13)} | K190: {=_xll.BQL("['"&C190&"']", CONFIG!$B$14)} | M190: 1 | N190: Communications Equipment
B191: RADCOM LTD | C191: RDCM US Equity | D191: 171912000 | E191: 71494000 | F191: 100 | G191: {=_xll.BQL("['"&C191&"']", CONFIG!$B$12)} | I191: {=_xll.BQL("['"&C191&"']", CONFIG!$B$13)} | K191: {=_xll.BQL("['"&C191&"']", CONFIG!$B$14)} | M191: 1 | N191: Communications Equipment
B192: PADTEC | C192: PDTC3 BZ Equity | D192: 24987400 | E192: 70817469 | F192: 100 | G192: {=_xll.BQL("['"&C192&"']", CONFIG!$B$12)} | I192: {=_xll.BQL("['"&C192&"']", CONFIG!$B$13)} | K192: {=_xll.BQL("['"&C192&"']", CONFIG!$B$14)} | M192: 1 | N192: Communications Equipment
B193: ARIZON RFID TECH | C193: 6863 TT Equity | D193: 228916000 | E193: 70469588 | F193: 100 | G193: {=_xll.BQL("['"&C193&"']", CONFIG!$B$12)} | I193: {=_xll.BQL("['"&C193&"']", CONFIG!$B$13)} | K193: {=_xll.BQL("['"&C193&"']", CONFIG!$B$14)} | M193: 1 | N193: Communications Equipment
B194: SYNCLAYER INC | C194: 1724 JP Equity | D194: 21723500 | E194: 70073752 | F194: 100 | G194: {=_xll.BQL("['"&C194&"']", CONFIG!$B$12)} | I194: {=_xll.BQL("['"&C194&"']", CONFIG!$B$13)} | K194: {=_xll.BQL("['"&C194&"']", CONFIG!$B$14)} | M194: 1 | N194: Communications Equipment
... B227: 3ONEDATA CO LT-A | C227: 688618 CH Equity | D227: 476373000 | E227: 49777323 | F227: 100 | G227: {=_xll.BQL("['"&C227&"']", CONFIG!$B$12)} | I227: {=_xll.BQL("['"&C227&"']", CONFIG!$B$13)} | K227: {=_xll.BQL("['"&C227&"']", CONFIG!$B$14)} | M227: 1 | N227: Communications Equipment
B228: JANG WON TECH CO | C228: 174880 KS Equity | E228: 49739907 | F228: 100 | G228: {=_xll.BQL("['"&C228&"']", CONFIG!$B$12)} | I228: {=_xll.BQL("['"&C228&"']", CONFIG!$B$13)} | K228: {=_xll.BQL("['"&C228&"']", CONFIG!$B$14)} | M228: 1 | N228: Communications Equipment
B229: PRIVASIA TECHNOL | C229: PRTB MK Equity | D229: 12395700 | E229: 49165406 | F229: 100 | G229: {=_xll.BQL("['"&C229&"']", CONFIG!$B$12)} | I229: {=_xll.BQL("['"&C229&"']", CONFIG!$B$13)} | K229: {=_xll.BQL("['"&C229&"']", CONFIG!$B$14)} | M229: 1 | N229: Communications Equipment
B230: KISAN TELECOM CO | C230: 035460 KS Equity | D230: 26736200 | E230: 48227761 | F230: 68.944649 | G230: {=_xll.BQL("['"&C230&"']", CONFIG!$B$12)} | I230: {=_xll.BQL("['"&C230&"']", CONFIG!$B$13)} | K230: {=_xll.BQL("['"&C230&"']", CONFIG!$B$14)} | M230: 1 | N230: Communications Equipment
B231: PRACTICAL SOLUTI | C231: TPS TB Equity | D231: 32419000 | E231: 47763930 | F231: 100 | G231: {=_xll.BQL("['"&C231&"']", CONFIG!$B$12)} | I231: {=_xll.BQL("['"&C231&"']", CONFIG!$B$13)} | K231: {=_xll.BQL("['"&C231&"']", CONFIG!$B$14)} | M231: 1 | N231: Communications Equipment
B232: WESTELL TECH-A | C232: WSTL US Equity | D232: 67833700 | E232: 47260000 | F232: 100 | G232: {=_xll.BQL("['"&C232&"']", CONFIG!$B$12)} | I232: {=_xll.BQL("['"&C232&"']", CONFIG!$B$13)} | K232: {=_xll.BQL("['"&C232&"']", CONFIG!$B$14)} | M232: 1 | N232: Communications Equipment
B233: VISSEM ELECTRONI | C233: 072950 KS Equity | D233: 83633400 | E233: 46433161 | F233: 54.633912 | G233: {=_xll.BQL("['"&C233&"']", CONFIG!$B$12)} | I233: {=_xll.BQL("['"&C233&"']", CONFIG!$B$13)} | K233: {=_xll.BQL("['"&C233&"']", CONFIG!$B$14)} | M233: 1 | N233: Communications Equipment
B234: REEDER TEKNOLOJI | C234: REEDR TI Equity | D234: 77008100 | E234: 45808414 | F234: 100 | G234: {=_xll.BQL("['"&C234&"']", CONFIG!$B$12)} | I234: {=_xll.BQL("['"&C234&"']", CONFIG!$B$13)} | K234: {=_xll.BQL("['"&C234&"']", CONFIG!$B$14)} | M234: 1 | N234: Communications Equipment
B235: ADVANCED CERAMIC | C235: 3152 TT Equity | D235: 283757000 | E235: 45791699 | F235: 100 | G235: {=_xll.BQL("['"&C235&"']", CONFIG!$B$12)} | I235: {=_xll.BQL("['"&C235&"']", CONFIG!$B$13)} | K235: {=_xll.BQL("['"&C235&"']", CONFIG!$B$14)} | M235: 1 | N235: Communications Equipment
B236: GOMSPACE GROUP A | C236: GOMX SS Equity | D236: 196267000 | E236: 45010275 | F236: 100 | G236: {=_xll.BQL("['"&C236&"']", CONFIG!$B$12)} | I236: {=_xll.BQL("['"&C236&"']", CONFIG!$B$13)} | K236: {=_xll.BQL("['"&C236&"']", CONFIG!$B$14)} | M236: 1 | N236: Communications Equipment
B237: SHANGHAI HUAHO-A | C237: 300330 CH Equity | E237: 44991690 | F237: 100 | G237: {=_xll.BQL("['"&C237&"']", CONFIG!$B$12)} | I237: {=_xll.BQL("['"&C237&"']", CONFIG!$B$13)} | K237: {=_xll.BQL("['"&C237&"']", CONFIG!$B$14)} | M237: 1 | N237: Communications Equipment
B238: DAVOLINK INC | C238: 340360 KS Equity | D238: 35784400 | E238: 44444474 | F238: 100 | G238: {=_xll.BQL("['"&C238&"']", CONFIG!$B$12)} | I238: {=_xll.BQL("['"&C238&"']", CONFIG!$B$13)} | K238: {=_xll.BQL("['"&C238&"']", CONFIG!$B$14)} | M238: 1 | N238: Communications Equipment
B239: COWEAVER CO LTD | C239: 056360 KS Equity | D239: 45643500 | E239: 44020437 | F239: 100 | G239: {=_xll.BQL("['"&C239&"']", CONFIG!$B$12)} | I239: {=_xll.BQL("['"&C239&"']", CONFIG!$B$13)} | K239: {=_xll.BQL("['"&C239&"']", CONFIG!$B$14)} | M239: 1 | N239: Communications Equipment
B240: UNITED FIBER OPT | C240: 4903 TT Equity | D240: 142308000 | E240: 43398395 | F240: 100 | G240: {=_xll.BQL("['"&C240&"']", CONFIG!$B$12)} | I240: {=_xll.BQL("['"&C240&"']", CONFIG!$B$13)} | K240: {=_xll.BQL("['"&C240&"']", CONFIG!$B$14)} | M240: 1 | N240: Communications Equipment
B241: UANGEL CORP | C241: 072130 KS Equity | D241: 44152300 | E241: 43294445 | F241: 100 | G241: {=_xll.BQL("['"&C241&"']", CONFIG!$B$12)} | I241: {=_xll.BQL("['"&C241&"']", CONFIG!$B$13)} | K241: {=_xll.BQL("['"&C241&"']", CONFIG!$B$14)} | M241: 1 | N241: Communications Equipment
B242: HAUMAN TECH | C242: 6218 TT Equity | D242: 128399000 | E242: 42371812 | F242: 100 | G242: {=_xll.BQL("['"&C242&"']", CONFIG!$B$12)} | I242: {=_xll.BQL("['"&C242&"']", CONFIG!$B$13)} | K242: {=_xll.BQL("['"&C242&"']", CONFIG!$B$14)} | M242: 1 | N242: Communications Equipment
B243: OPTOELECTRONICS | C243: 138080 KS Equity | D243: 256655000 | E243: 40348459 | F243: 100 | G243: {=_xll.BQL("['"&C243&"']", CONFIG!$B$12)} | I243: {=_xll.BQL("['"&C243&"']", CONFIG!$B$13)} | K243: {=_xll.BQL("['"&C243&"']", CONFIG!$B$14)} | M243: 1 | N243: Communications Equipment
B244: CONTEL TECHNOLOG | C244: 1912 HK Equity | D244: 213476000 | E244: 39704000 | F244: 59.870921 | G244: {=_xll.BQL("['"&C244&"']", CONFIG!$B$12)} | I244: {=_xll.BQL("['"&C244&"']", CONFIG!$B$13)} | K244: {=_xll.BQL("['"&C244&"']", CONFIG!$B$14)} | M244: 1 | N244: Communications Equipment
B245: SHENZHEN CONS-A | C245: 688788 CH Equity | D245: 946935000 | E245: 39689482 | F245: 100 | G245: {=_xll.BQL("['"&C245&"']", CONFIG!$B$12)} | I245: {=_xll.BQL("['"&C245&"']", CONFIG!$B$13)} | K245: {=_xll.BQL("['"&C245&"']", CONFIG!$B$14)} | M245: 1 | N245: Communications Equipment
B246: JASON MARINE GRP | C246: JMG SP Equity | D246: 12268000 | E246: 38708583 | F246: 100 | G246: {=_xll.BQL("['"&C246&"']", CONFIG!$B$12)} | I246: {=_xll.BQL("['"&C246&"']", CONFIG!$B$13)} | K246: {=_xll.BQL("['"&C246&"']", CONFIG!$B$14)} | M246: 1 | N246: Communications Equipment
B247: SAIGON TELECOM & | C247: SGT VN Equity | D247: 51245800 | E247: 38208152 | F247: 51.911825 | G247: {=_xll.BQL("['"&C247&"']", CONFIG!$B$12)} | I247: {=_xll.BQL("['"&C247&"']", CONFIG!$B$13)} | K247: {=_xll.BQL("['"&C247&"']", CONFIG!$B$14)} | M247: 1 | N247: Communications Equipment
B248: RAFAEL | C248: 6568 TT Equity | D248: 138352000 | E248: 36521530 | F248: 100 | G248: {=_xll.BQL("['"&C248&"']", CONFIG!$B$12)} | I248: {=_xll.BQL("['"&C248&"']", CONFIG!$B$13)} | K248: {=_xll.BQL("['"&C248&"']", CONFIG!$B$14)} | M248: 1 | N248: Communications Equipment
B249: ABOCOM SYSTEMS | C249: 2444 TT Equity | D249: 49550200 | E249: 36483765 | F249: 100 | G249: {=_xll.BQL("['"&C249&"']", CONFIG!$B$12)} | I249: {=_xll.BQL("['"&C249&"']", CONFIG!$B$13)} | K249: {=_xll.BQL("['"&C249&"']", CONFIG!$B$14)} | M249: 1 | N249: Communications Equipment
... B258: UET UNITED ELECT | C258: CFC GR Equity | D258: 8428130 | E258: 31277645 | F258: 60.30988 | G258: {=_xll.BQL("['"&C258&"']", CONFIG!$B$12)} | I258: {=_xll.BQL("['"&C258&"']", CONFIG!$B$13)} | K258: {=_xll.BQL("['"&C258&"']", CONFIG!$B$14)} | M258: 1 | N258: Communications Equipment
B259: CIRCA ENTERPRISE | C259: CTO CN Equity | E259: 31072069 | F259: 100 | G259: {=_xll.BQL("['"&C259&"']", CONFIG!$B$12)} | I259: {=_xll.BQL("['"&C259&"']", CONFIG!$B$13)} | K259: {=_xll.BQL("['"&C259&"']", CONFIG!$B$14)} | M259: 1 | N259: Communications Equipment
B260: SMARTLINK HOLDIN | C260: SHDSL IN Equity | D260: 22364900 | E260: 30483755 | F260: 100 | G260: {=_xll.BQL("['"&C260&"']", CONFIG!$B$12)} | I260: {=_xll.BQL("['"&C260&"']", CONFIG!$B$13)} | K260: {=_xll.BQL("['"&C260&"']", CONFIG!$B$14)} | M260: 1 | N260: Communications Equipment
B261: APPEAR ASA | C261: APR NO Equity | D261: 145691000 | E261: 28906332 | F261: 37.503418 | G261: {=_xll.BQL("['"&C261&"']", CONFIG!$B$12)} | I261: {=_xll.BQL("['"&C261&"']", CONFIG!$B$13)} | K261: {=_xll.BQL("['"&C261&"']", CONFIG!$B$14)} | M261: 1 | N261: Communications Equipment
B262: ATLINKS GROUP LT | C262: 8043 HK Equity | D262: 10914900 | E262: 28858444 | F262: 100 | G262: {=_xll.BQL("['"&C262&"']", CONFIG!$B$12)} | I262: {=_xll.BQL("['"&C262&"']", CONFIG!$B$13)} | K262: {=_xll.BQL("['"&C262&"']", CONFIG!$B$14)} | M262: 1 | N262: Communications Equipment
...
